bc|4|archive|bc
bc|23|bc|bc
caia|4|archive|clarkart
caia|20|clarkart|clarkart
chi|1|google|uchicago
chi|4|archive|uchicago
coo|1|google|cornell
coo|4|archive|cornell
dul1|4|archive|duke
gri|4|archive|getty
gri|11|getty|getty
hvd|1|google|harvard
hvd|4|archive|harvard
ien|1|google|northwestern
ien|4|archive|northwestern
inu|1|google|iu
keio|1|google|keio
ku01|21||knowledgeunlatched
loc|1|google|loc
loc|4|archive|loc
mcg|22|mcgill|mcgill
mdp|1|google|umich
mdp|2|umich|umich
mdp|3|press-umich|umich
mdp|12|milproj-dc-umich|umich
mdp|13|illinois|illinois
mdp|14|brooklynmuseum|brooklynmuseum
mdp|18|ht_private|ht_private
mdp|19|umich|umich
miua|2|umich|umich
miun|2|umich|umich
nc01|4|archive|unc
ncs1|4|archive|ncsu
njp|1|google|princeton
njp|4|archive|princeton
nnc1|1|google|columbia
nnc2|4|archive|columbia
nnc2|24|columbia|columbia
nyp|1|google|nypl
nyp|4|archive|nypl
osu|1|google|osu
psia|4|archive|psu
pst|1|google|psu
pur1|1|google|purdue
pur2|10|purdue|purdue
txa|16|tamu|tamu
uc1|1|google|universityofcalifornia
uc2|1|google|universityofcalifornia
uc2|4|archive|universityofcalifornia
ucm|1|google|ucm
ucm|9|ucm|ucm
ufl1|4|archive|flbog
ufl2|15|flbog|flbog
uiuc|13|illinois|illinois
uiug|1|google|illinois
uiuo|4|archive|illinois
uma|4|archive|umass
umn|1|google|umn
usu|8|usupress|usupress
uva|1|google|virginia
uva|4|archive|virginia
wu|1|google|wisc
yale|1|google|yale
yale|4|archive|yale
yale|5|ht_support-microsoft|yale
aeu|4|archive|ualberta
ucw|4|archive|uconn
udel|17|udel|udel
msu|1|google|msu
emu|25|emory|emory
mou|28|missouri|missouri
wau|29|ncl|washington
iau|1|google|uiowa
mmet|4|archive|tufts
